{"cameraMode":{"drawMode":0,"name":"Shaded","section":"Shading Mode"},"sceneLighting":false,"audioPlay":false,"sceneViewState":{"m_AlwaysRefresh":false,"showFog":true,"showSkybox":false,"showFlares":true,"showImageEffects":true,"showParticleSystems":true,"showVisualEffectGraphs":true,"m_FxEnabled":true},"in2DMode":false,"pivot":{"x":0.00017458200454711914,"y":-0.21753907203674317,"z":-0.00010704994201660156},"rotation":{"x":-0.40175655484199526,"y":0.1539655327796936,"z":-0.06872120499610901,"w":-0.9001048803329468},"size":0.2955178916454315,"orthographic":false}