{"cameraMode":{"drawMode":0,"name":"Shaded","section":"Shading Mode"},"sceneLighting":false,"audioPlay":false,"sceneViewState":{"m_AlwaysRefresh":false,"showFog":true,"showSkybox":false,"showFlares":true,"showImageEffects":true,"showParticleSystems":true,"showVisualEffectGraphs":true,"m_FxEnabled":true},"in2DMode":false,"pivot":{"x":0.22233831882476808,"y":9.357478141784668,"z":2.3082504272460939},"rotation":{"x":0.015726033598184587,"y":-0.9242158532142639,"z":0.03873276337981224,"w":0.3806670606136322},"size":0.194225013256073,"orthographic":true}