{"cameraMode":{"drawMode":0,"name":"Shaded","section":"Shading Mode"},"sceneLighting":false,"audioPlay":false,"sceneViewState":{"m_AlwaysRefresh":false,"showFog":true,"showSkybox":false,"showFlares":true,"showImageEffects":true,"showParticleSystems":true,"showVisualEffectGraphs":true,"m_FxEnabled":true},"in2DMode":false,"pivot":{"x":0.6119855642318726,"y":8.254947662353516,"z":2.681527614593506},"rotation":{"x":-0.006197034381330013,"y":-0.9923785924911499,"z":0.05041876435279846,"w":-0.11592264473438263},"size":2.0921108722686769,"orthographic":true}