{"cameraMode":{"drawMode":0,"name":"Shaded","section":"Shading Mode"},"sceneLighting":false,"audioPlay":false,"sceneViewState":{"m_AlwaysRefresh":false,"showFog":true,"showSkybox":false,"showFlares":true,"showImageEffects":true,"showParticleSystems":true,"showVisualEffectGraphs":true,"m_FxEnabled":true},"in2DMode":false,"pivot":{"x":-0.05899488925933838,"y":2.7507903575897219,"z":-1.8083299398422242},"rotation":{"x":0.02594364993274212,"y":-0.8519786596298218,"z":0.0422704704105854,"w":0.5219955444335938},"size":1.5509300231933594,"orthographic":true}