{"cameraMode":{"drawMode":0,"name":"Shaded","section":"Shading Mode"},"sceneLighting":false,"audioPlay":false,"sceneViewState":{"m_AlwaysRefresh":false,"showFog":true,"showSkybox":false,"showFlares":true,"showImageEffects":true,"showParticleSystems":true,"showVisualEffectGraphs":true,"m_FxEnabled":true},"in2DMode":false,"pivot":{"x":0.019099406898021699,"y":-0.1518387645483017,"z":0.036922305822372439},"rotation":{"x":0.7728456854820252,"y":-0.019004302099347116,"z":0.023214202374219896,"w":0.6339567303657532},"size":0.1594521850347519,"orthographic":false}