{"cameraMode":{"drawMode":0,"name":"Shaded","section":"Shading Mode"},"sceneLighting":false,"audioPlay":false,"sceneViewState":{"m_AlwaysRefresh":false,"showFog":false,"showSkybox":false,"showFlares":false,"showImageEffects":false,"showParticleSystems":false,"showVisualEffectGraphs":true,"m_FxEnabled":true},"in2DMode":false,"pivot":{"x":0.035044968128204349,"y":0.9236002564430237,"z":0.10684645175933838},"rotation":{"x":0.04058569297194481,"y":0.9486240148544312,"z":-0.13550327718257905,"w":0.28371575474739077},"size":1.3161834478378297,"orthographic":false}