{"cameraMode":{"drawMode":0,"name":"Shaded","section":"Shading Mode"},"sceneLighting":false,"audioPlay":false,"sceneViewState":{"m_AlwaysRefresh":false,"showFog":true,"showSkybox":false,"showFlares":true,"showImageEffects":true,"showParticleSystems":true,"showVisualEffectGraphs":true,"m_FxEnabled":true},"in2DMode":false,"pivot":{"x":-0.3745790123939514,"y":0.023099996149539949,"z":-0.11621008813381195},"rotation":{"x":0.11506599187850952,"y":0.006406897213310003,"z":-0.000656101037748158,"w":0.9935625791549683},"size":0.059697121381759647,"orthographic":true}