{"cameraMode":{"drawMode":0,"name":"Shaded","section":"Shading Mode"},"sceneLighting":false,"audioPlay":false,"sceneViewState":{"m_AlwaysRefresh":false,"showFog":false,"showSkybox":false,"showFlares":false,"showImageEffects":false,"showParticleSystems":false,"showVisualEffectGraphs":true,"m_FxEnabled":true},"in2DMode":false,"pivot":{"x":-2.384185791015625e-7,"y":0.9675499200820923,"z":-0.011996939778327942},"rotation":{"x":-0.10108692198991776,"y":0.11938192695379257,"z":-0.01227351650595665,"w":-0.9876742362976074},"size":1.3391746282577515,"orthographic":false}