{"cameraMode":{"drawMode":0,"name":"Shaded","section":"Shading Mode"},"sceneLighting":false,"audioPlay":false,"sceneViewState":{"m_AlwaysRefresh":false,"showFog":true,"showSkybox":false,"showFlares":true,"showImageEffects":true,"showParticleSystems":true,"showVisualEffectGraphs":true,"m_FxEnabled":true},"in2DMode":false,"pivot":{"x":-0.00032010674476623535,"y":-1.3196520805358887,"z":-0.0004588663578033447},"rotation":{"x":-0.40175655484199526,"y":0.1539655327796936,"z":-0.06872120499610901,"w":-0.9001048803329468},"size":1.365915298461914,"orthographic":false}