{"cameraMode":{"drawMode":0,"name":"Shaded","section":"Shading Mode"},"sceneLighting":true,"audioPlay":false,"sceneViewState":{"m_AlwaysRefresh":false,"showFog":true,"showSkybox":false,"showFlares":true,"showImageEffects":true,"showParticleSystems":true,"showVisualEffectGraphs":true,"m_FxEnabled":true},"in2DMode":false,"pivot":{"x":0.5434942245483398,"y":0.3192850351333618,"z":0.06428384780883789},"rotation":{"x":-0.1341322511434555,"y":0.4213240146636963,"z":-0.06316988170146942,"w":-0.8947250843048096},"size":11.716267585754395,"orthographic":false}