{"cameraMode":{"drawMode":0,"name":"Shaded","section":"Shading Mode"},"sceneLighting":true,"audioPlay":false,"sceneViewState":{"m_AlwaysRefresh":false,"showFog":true,"showSkybox":true,"showFlares":true,"showImageEffects":true,"showParticleSystems":true,"showVisualEffectGraphs":true,"m_FxEnabled":true},"in2DMode":false,"pivot":{"x":7.491763114929199,"y":-0.03920555114746094,"z":2.5909013748168947},"rotation":{"x":-0.050936806946992877,"y":-0.528322160243988,"z":0.03164737671613693,"w":-0.8469853401184082},"size":9.109046936035157,"orthographic":false}