{"cameraMode":{"drawMode":0,"name":"Shaded","section":"Shading Mode"},"sceneLighting":true,"audioPlay":false,"sceneViewState":{"m_AlwaysRefresh":false,"showFog":true,"showSkybox":true,"showFlares":true,"showImageEffects":true,"showParticleSystems":true,"showVisualEffectGraphs":true,"m_FxEnabled":true},"in2DMode":false,"pivot":{"x":0.3108055591583252,"y":1.3137704133987427,"z":-0.1779729574918747},"rotation":{"x":-0.003408500924706459,"y":-0.9957892298698425,"z":-0.08384210616350174,"w":0.03975837677717209},"size":1.7601696252822877,"orthographic":true}