{"cameraMode":{"drawMode":0,"name":"Shaded","section":"Shading Mode"},"sceneLighting":true,"audioPlay":false,"sceneViewState":{"m_AlwaysRefresh":false,"showFog":true,"showSkybox":true,"showFlares":true,"showImageEffects":true,"showParticleSystems":true,"showVisualEffectGraphs":true,"m_FxEnabled":true},"in2DMode":false,"pivot":{"x":-2.639012098312378,"y":1.7960865497589112,"z":1.5021976232528687},"rotation":{"x":0.06870145350694657,"y":-0.0845886766910553,"z":0.005862789694219828,"w":0.9941152930259705},"size":4.655984878540039,"orthographic":false}