{"cameraMode":{"drawMode":0,"name":"Shaded","section":"Shading Mode"},"sceneLighting":true,"audioPlay":false,"sceneViewState":{"m_AlwaysRefresh":false,"showFog":true,"showSkybox":true,"showFlares":true,"showImageEffects":true,"showParticleSystems":true,"showVisualEffectGraphs":true,"m_FxEnabled":true},"in2DMode":false,"pivot":{"x":0.249034121632576,"y":1.1665492057800294,"z":0.11924909055233002},"rotation":{"x":0.08755290508270264,"y":0.8197532296180725,"z":-0.5511159300804138,"w":0.1301177591085434},"size":0.597557544708252,"orthographic":true}