{"cameraMode":{"drawMode":0,"name":"Shaded","section":"Shading Mode"},"sceneLighting":true,"audioPlay":false,"sceneViewState":{"m_AlwaysRefresh":false,"showFog":true,"showSkybox":true,"showFlares":true,"showImageEffects":true,"showParticleSystems":true,"showVisualEffectGraphs":true,"m_FxEnabled":true},"in2DMode":false,"pivot":{"x":-0.19903934001922608,"y":1.9441851377487183,"z":1.2004258632659913},"rotation":{"x":0.0028234573546797039,"y":0.09277760982513428,"z":0.0009842212311923504,"w":-0.9960188865661621},"size":0.9410797357559204,"orthographic":true}