{"cameraMode":{"drawMode":0,"name":"Shaded","section":"Shading Mode"},"sceneLighting":true,"audioPlay":false,"sceneViewState":{"m_AlwaysRefresh":false,"showFog":true,"showSkybox":true,"showFlares":true,"showImageEffects":true,"showParticleSystems":true,"showVisualEffectGraphs":true,"m_FxEnabled":true},"in2DMode":false,"pivot":{"x":0.49710598587989809,"y":0.954623818397522,"z":1.5873701572418213},"rotation":{"x":0.007521188352257013,"y":0.9959323406219482,"z":0.08248962461948395,"w":-0.053496818989515308},"size":0.6356992721557617,"orthographic":true}