{"cameraMode":{"drawMode":0,"name":"Shaded","section":"Shading Mode"},"sceneLighting":true,"audioPlay":false,"sceneViewState":{"m_AlwaysRefresh":false,"showFog":true,"showSkybox":true,"showFlares":true,"showImageEffects":true,"showParticleSystems":true,"showVisualEffectGraphs":true,"m_FxEnabled":true},"in2DMode":false,"pivot":{"x":-0.11469610035419464,"y":0.009999999776482582,"z":0.14515753090381623},"rotation":{"x":-0.3474179804325104,"y":0.5122181177139282,"z":-0.23768411576747895,"w":-0.7488712668418884},"size":0.31384867429733279,"orthographic":false}