{"cameraMode":{"drawMode":0,"name":"Shaded","section":"Shading Mode"},"sceneLighting":true,"audioPlay":false,"sceneViewState":{"m_AlwaysRefresh":false,"showFog":true,"showSkybox":true,"showFlares":true,"showImageEffects":true,"showParticleSystems":true,"showVisualEffectGraphs":true,"m_FxEnabled":true},"in2DMode":false,"pivot":{"x":0.3079860806465149,"y":3.876739501953125,"z":4.371185779571533},"rotation":{"x":-0.018084831535816194,"y":0.8853368163108826,"z":-0.03465602919459343,"w":-0.46347248554229739},"size":5.123044967651367,"orthographic":true}