{"cameraMode":{"drawMode":0,"name":"Shaded","section":"Shading Mode"},"sceneLighting":true,"audioPlay":false,"sceneViewState":{"m_AlwaysRefresh":false,"showFog":true,"showSkybox":true,"showFlares":true,"showImageEffects":true,"showParticleSystems":true,"showVisualEffectGraphs":true,"m_FxEnabled":true},"in2DMode":false,"pivot":{"x":0.1432098150253296,"y":9.393805503845215,"z":2.2068817615509035},"rotation":{"x":0.02016463316977024,"y":0.9750674962997437,"z":0.07818452268838883,"w":-0.2105366289615631},"size":0.32690587639808657,"orthographic":true}