{"cameraMode":{"drawMode":0,"name":"Shaded","section":"Shading Mode"},"sceneLighting":true,"audioPlay":false,"sceneViewState":{"m_AlwaysRefresh":false,"showFog":true,"showSkybox":true,"showFlares":true,"showImageEffects":true,"showParticleSystems":true,"showVisualEffectGraphs":true,"m_FxEnabled":true},"in2DMode":false,"pivot":{"x":0.03432772308588028,"y":1.0558462142944337,"z":0.31787556409835818},"rotation":{"x":0.04812883585691452,"y":0.8422936201095581,"z":-0.07066997140645981,"w":0.5336050987243652},"size":0.16471554338932038,"orthographic":true}