{"cameraMode":{"drawMode":0,"name":"Shaded","section":"Shading Mode"},"sceneLighting":true,"audioPlay":false,"sceneViewState":{"m_AlwaysRefresh":false,"showFog":true,"showSkybox":true,"showFlares":true,"showImageEffects":true,"showParticleSystems":true,"showVisualEffectGraphs":true,"m_FxEnabled":true},"in2DMode":false,"pivot":{"x":-0.2748364806175232,"y":0.7508609294891357,"z":0.23088908195495606},"rotation":{"x":0.36279919743537905,"y":-0.15561354160308839,"z":0.05959372594952583,"w":0.9175835251808167},"size":2.4851856231689455,"orthographic":true}