{"cameraMode":{"drawMode":0,"name":"Shaded","section":"Shading Mode"},"sceneLighting":true,"audioPlay":false,"sceneViewState":{"m_AlwaysRefresh":false,"showFog":true,"showSkybox":true,"showFlares":true,"showImageEffects":true,"showParticleSystems":true,"showVisualEffectGraphs":true,"m_FxEnabled":true},"in2DMode":false,"pivot":{"x":-0.03095543384552002,"y":0.5534454584121704,"z":0.013339519500732422},"rotation":{"x":-0.2605603337287903,"y":0.6476873755455017,"z":-0.2518128454685211,"w":-0.670194685459137},"size":1.1807496547698975,"orthographic":true}