{"cameraMode":{"drawMode":0,"name":"Shaded","section":"Shading Mode"},"sceneLighting":true,"audioPlay":false,"sceneViewState":{"m_AlwaysRefresh":false,"showFog":true,"showSkybox":true,"showFlares":true,"showImageEffects":true,"showParticleSystems":true,"showVisualEffectGraphs":true,"m_FxEnabled":true},"in2DMode":false,"pivot":{"x":-0.03229576349258423,"y":1.5584914684295655,"z":0.6281791925430298},"rotation":{"x":-0.2851755619049072,"y":0.5059431791305542,"z":-0.18182367086410523,"w":-0.793540358543396},"size":1.3366104364395142,"orthographic":false}