{"cameraMode":{"drawMode":0,"name":"Shaded","section":"Shading Mode"},"sceneLighting":true,"audioPlay":false,"sceneViewState":{"m_AlwaysRefresh":false,"showFog":true,"showSkybox":true,"showFlares":true,"showImageEffects":true,"showParticleSystems":true,"showVisualEffectGraphs":true,"m_FxEnabled":true},"in2DMode":false,"pivot":{"x":-0.0697111189365387,"y":0.7324507832527161,"z":0.2516433894634247},"rotation":{"x":-0.33607974648475649,"y":-0.2535698115825653,"z":-0.0944688692688942,"w":0.9021669030189514},"size":0.8944979906082153,"orthographic":true}