{"cameraMode":{"drawMode":0,"name":"Shaded","section":"Shading Mode"},"sceneLighting":true,"audioPlay":false,"sceneViewState":{"m_AlwaysRefresh":false,"showFog":true,"showSkybox":true,"showFlares":true,"showImageEffects":true,"showParticleSystems":true,"showVisualEffectGraphs":true,"m_FxEnabled":true},"in2DMode":false,"pivot":{"x":-1.2703251838684083,"y":1.5847376585006714,"z":1.194183349609375},"rotation":{"x":0.018057679757475854,"y":0.11961107701063156,"z":0.002188748447224498,"w":-0.9926899075508118},"size":2.475497007369995,"orthographic":false}