{"cameraMode":{"drawMode":0,"name":"Shaded","section":"Shading Mode"},"sceneLighting":true,"audioPlay":false,"sceneViewState":{"m_AlwaysRefresh":false,"showFog":true,"showSkybox":true,"showFlares":true,"showImageEffects":true,"showParticleSystems":true,"showVisualEffectGraphs":true,"m_FxEnabled":true},"in2DMode":false,"pivot":{"x":0.009585797786712647,"y":1.543677568435669,"z":4.424341201782227},"rotation":{"x":0.23596520721912385,"y":0.11194394528865814,"z":-0.027957214042544366,"w":0.965675413608551},"size":0.7079458236694336,"orthographic":true}