{"cameraMode":{"drawMode":0,"name":"Shaded","section":"Shading Mode"},"sceneLighting":false,"audioPlay":false,"sceneViewState":{"m_AlwaysRefresh":false,"showFog":true,"showSkybox":true,"showFlares":true,"showImageEffects":true,"showParticleSystems":true,"showVisualEffectGraphs":true,"m_FxEnabled":true},"in2DMode":false,"pivot":{"x":0.6835014820098877,"y":1.4120358228683472,"z":3.698444366455078},"rotation":{"x":-0.07620272785425186,"y":-0.11728504300117493,"z":0.009030846878886223,"w":-0.9901461601257324},"size":4.117108345031738,"orthographic":false}