{"cameraMode":{"drawMode":0,"name":"Shaded","section":"Shading Mode"},"sceneLighting":true,"audioPlay":false,"sceneViewState":{"m_AlwaysRefresh":false,"showFog":true,"showSkybox":true,"showFlares":true,"showImageEffects":true,"showParticleSystems":true,"showVisualEffectGraphs":true,"m_FxEnabled":true},"in2DMode":false,"pivot":{"x":-0.03617101162672043,"y":0.8927640318870544,"z":0.5485931038856506},"rotation":{"x":0.45973384380340578,"y":0.41975483298301699,"z":-0.26417768001556399,"w":0.7374127507209778},"size":0.592232882976532,"orthographic":true}