{"cameraMode":{"drawMode":0,"name":"Shaded","section":"Shading Mode"},"sceneLighting":true,"audioPlay":false,"sceneViewState":{"m_AlwaysRefresh":false,"showFog":true,"showSkybox":true,"showFlares":true,"showImageEffects":true,"showParticleSystems":true,"showVisualEffectGraphs":true,"m_FxEnabled":true},"in2DMode":false,"pivot":{"x":0.22980621457099915,"y":1.3150115013122559,"z":0.7056311368942261},"rotation":{"x":0.01256224513053894,"y":-0.9874148368835449,"z":0.10419134795665741,"w":0.12160615622997284},"size":1.401229739189148,"orthographic":true}