{"cameraMode":{"drawMode":0,"name":"Shaded","section":"Shading Mode"},"sceneLighting":true,"audioPlay":false,"sceneViewState":{"m_AlwaysRefresh":false,"showFog":true,"showSkybox":true,"showFlares":true,"showImageEffects":true,"showParticleSystems":true,"showVisualEffectGraphs":true,"m_FxEnabled":true},"in2DMode":false,"pivot":{"x":-1.517984390258789,"y":1.0920000076293946,"z":-0.6346012949943543},"rotation":{"x":-0.03857070580124855,"y":0.8985416889190674,"z":-0.07796851545572281,"w":-0.4319915473461151},"size":0.7628880143165588,"orthographic":true}