{"cameraMode":{"drawMode":0,"name":"Shaded","section":"Shading Mode"},"sceneLighting":true,"audioPlay":false,"sceneViewState":{"m_AlwaysRefresh":false,"showFog":true,"showSkybox":true,"showFlares":true,"showImageEffects":true,"showParticleSystems":true,"showVisualEffectGraphs":true,"m_FxEnabled":true},"in2DMode":false,"pivot":{"x":-0.9966806173324585,"y":1.2999998331069947,"z":1.761805772781372},"rotation":{"x":0.06308694928884506,"y":-0.4927757978439331,"z":0.03709441050887108,"w":0.8677656650543213},"size":0.8485868573188782,"orthographic":true}