{"cameraMode":{"drawMode":0,"name":"Shaded","section":"Shading Mode"},"sceneLighting":true,"audioPlay":false,"sceneViewState":{"m_AlwaysRefresh":false,"showFog":true,"showSkybox":true,"showFlares":true,"showImageEffects":true,"showParticleSystems":true,"showVisualEffectGraphs":true,"m_FxEnabled":true},"in2DMode":false,"pivot":{"x":0.07794898003339768,"y":-0.21862250566482545,"z":0.21798762679100038},"rotation":{"x":-0.36269861459732058,"y":-0.10812491178512573,"z":0.042402151972055438,"w":-0.9246545433998108},"size":0.2617112100124359,"orthographic":false}