{"cameraMode":{"drawMode":0,"name":"Shaded","section":"Shading Mode"},"sceneLighting":true,"audioPlay":false,"sceneViewState":{"m_AlwaysRefresh":false,"showFog":true,"showSkybox":true,"showFlares":true,"showImageEffects":true,"showParticleSystems":true,"showVisualEffectGraphs":true,"m_FxEnabled":true},"in2DMode":false,"pivot":{"x":1.8169350624084473,"y":0.23686468601226808,"z":-0.13039684295654298},"rotation":{"x":0.013442548923194409,"y":-0.08148495107889176,"z":0.0012604733929038048,"w":0.996719241142273},"size":1.4037765264511109,"orthographic":true}