{"cameraMode":{"drawMode":0,"name":"Shaded","section":"Shading Mode"},"sceneLighting":true,"audioPlay":false,"sceneViewState":{"m_AlwaysRefresh":false,"showFog":true,"showSkybox":true,"showFlares":true,"showImageEffects":true,"showParticleSystems":true,"showVisualEffectGraphs":true,"m_FxEnabled":true},"in2DMode":false,"pivot":{"x":0.29312777519226076,"y":2.2342023849487306,"z":0.07073509693145752},"rotation":{"x":-0.11518201977014542,"y":0.8337353467941284,"z":-0.5053856372833252,"w":-0.19194354116916657},"size":1.7417049407958985,"orthographic":true}