{"cameraMode":{"drawMode":0,"name":"Shaded","section":"Shading Mode"},"sceneLighting":true,"audioPlay":false,"sceneViewState":{"m_AlwaysRefresh":false,"showFog":true,"showSkybox":true,"showFlares":true,"showImageEffects":true,"showParticleSystems":true,"showVisualEffectGraphs":true,"m_FxEnabled":true},"in2DMode":false,"pivot":{"x":-0.03952115774154663,"y":0.11802259087562561,"z":0.32932883501052859},"rotation":{"x":0.06666488945484162,"y":0.42515212297439577,"z":-0.0310891754925251,"w":0.9025319814682007},"size":0.8217941522598267,"orthographic":true}