{"cameraMode":{"drawMode":0,"name":"Shaded","section":"Shading Mode"},"sceneLighting":true,"audioPlay":false,"sceneViewState":{"m_AlwaysRefresh":false,"showFog":true,"showSkybox":true,"showFlares":true,"showImageEffects":true,"showParticleSystems":true,"showVisualEffectGraphs":true,"m_FxEnabled":true},"in2DMode":false,"pivot":{"x":-0.21883270144462586,"y":1.0150648355484009,"z":4.818711280822754},"rotation":{"x":-0.036531105637550357,"y":0.12364523857831955,"z":-0.010250970721244812,"w":-0.992565929889679},"size":0.9916675090789795,"orthographic":true}