{"cameraMode":{"drawMode":0,"name":"Shaded","section":"Shading Mode"},"sceneLighting":true,"audioPlay":false,"sceneViewState":{"m_AlwaysRefresh":false,"showFog":true,"showSkybox":true,"showFlares":true,"showImageEffects":true,"showParticleSystems":true,"showVisualEffectGraphs":true,"m_FxEnabled":true},"in2DMode":false,"pivot":{"x":-2.1675078868865969,"y":0.9751787185668945,"z":9.469635009765625},"rotation":{"x":-0.014892618171870709,"y":-0.12207872420549393,"z":-0.0018036446999758483,"w":0.9925068020820618},"size":6.3040924072265629,"orthographic":false}