{"cameraMode":{"drawMode":0,"name":"Shaded","section":"Shading Mode"},"sceneLighting":true,"audioPlay":false,"sceneViewState":{"m_AlwaysRefresh":false,"showFog":true,"showSkybox":true,"showFlares":true,"showImageEffects":true,"showParticleSystems":true,"showVisualEffectGraphs":true,"m_FxEnabled":true},"in2DMode":false,"pivot":{"x":0.025133490562438966,"y":0.9332433938980103,"z":0.1158604621887207},"rotation":{"x":-0.0063481624238193039,"y":-0.5770161151885986,"z":0.00418644305318594,"w":-0.8171862959861755},"size":1.31618332862854,"orthographic":true}