{"cameraMode":{"drawMode":0,"name":"Shaded","section":"Shading Mode"},"sceneLighting":true,"audioPlay":false,"sceneViewState":{"m_AlwaysRefresh":false,"showFog":true,"showSkybox":true,"showFlares":true,"showImageEffects":true,"showParticleSystems":true,"showVisualEffectGraphs":true,"m_FxEnabled":true},"in2DMode":false,"pivot":{"x":0.06899943947792053,"y":1.3938286304473878,"z":0.08298113942146301},"rotation":{"x":0.5767219066619873,"y":-0.1866251677274704,"z":0.13856180012226106,"w":0.7835655808448792},"size":1.8985663652420045,"orthographic":true}