{"cameraMode":{"drawMode":0,"name":"Shaded","section":"Shading Mode"},"sceneLighting":true,"audioPlay":false,"sceneViewState":{"m_AlwaysRefresh":false,"showFog":true,"showSkybox":true,"showFlares":true,"showImageEffects":true,"showParticleSystems":true,"showVisualEffectGraphs":true,"m_FxEnabled":true},"in2DMode":false,"pivot":{"x":4.478809356689453,"y":2.0284318923950197,"z":1.0377763509750367},"rotation":{"x":0.08244676142930985,"y":-0.7943222522735596,"z":0.11355001479387284,"w":0.5920328497886658},"size":2.183832883834839,"orthographic":true}