{"cameraMode":{"drawMode":0,"name":"Shaded","section":"Shading Mode"},"sceneLighting":true,"audioPlay":false,"sceneViewState":{"m_AlwaysRefresh":false,"showFog":true,"showSkybox":true,"showFlares":true,"showImageEffects":true,"showParticleSystems":true,"showVisualEffectGraphs":true,"m_FxEnabled":true},"in2DMode":false,"pivot":{"x":0.4306446313858032,"y":0.9917803406715393,"z":2.3428521156311037},"rotation":{"x":0.010425908491015435,"y":0.9905782341957092,"z":0.054924823343753818,"w":-0.13126501441001893},"size":0.8031527400016785,"orthographic":true}