{"cameraMode":{"drawMode":0,"name":"Shaded","section":"Shading Mode"},"sceneLighting":true,"audioPlay":false,"sceneViewState":{"m_AlwaysRefresh":false,"showFog":true,"showSkybox":true,"showFlares":true,"showImageEffects":true,"showParticleSystems":true,"showVisualEffectGraphs":true,"m_FxEnabled":true},"in2DMode":false,"pivot":{"x":2.059999942779541,"y":2.1579999923706056,"z":2.1700000762939455},"rotation":{"x":-0.036531105637550357,"y":0.12364523857831955,"z":-0.010250970721244812,"w":-0.992565929889679},"size":0.9046847224235535,"orthographic":true}