{"cameraMode":{"drawMode":0,"name":"Shaded","section":"Shading Mode"},"sceneLighting":true,"audioPlay":false,"sceneViewState":{"m_AlwaysRefresh":false,"showFog":true,"showSkybox":true,"showFlares":true,"showImageEffects":true,"showParticleSystems":true,"showVisualEffectGraphs":true,"m_FxEnabled":true},"in2DMode":false,"pivot":{"x":-0.006186753511428833,"y":1.7354745864868165,"z":0.6315711736679077},"rotation":{"x":0.01256224513053894,"y":-0.9874148368835449,"z":0.10419134795665741,"w":0.12160615622997284},"size":0.9428936243057251,"orthographic":true}