{"cameraMode":{"drawMode":0,"name":"Shaded","section":"Shading Mode"},"sceneLighting":true,"audioPlay":false,"sceneViewState":{"m_AlwaysRefresh":false,"showFog":true,"showSkybox":true,"showFlares":true,"showImageEffects":true,"showParticleSystems":true,"showVisualEffectGraphs":true,"m_FxEnabled":true},"in2DMode":false,"pivot":{"x":-0.40719500184059145,"y":1.5390467643737794,"z":0.49132585525512698},"rotation":{"x":-0.13289105892181397,"y":0.030252432450652124,"z":-0.0037247049622237684,"w":-0.9909617900848389},"size":0.805757999420166,"orthographic":true}