{"cameraMode":{"drawMode":0,"name":"Shaded","section":"Shading Mode"},"sceneLighting":true,"audioPlay":false,"sceneViewState":{"m_AlwaysRefresh":false,"showFog":true,"showSkybox":true,"showFlares":true,"showImageEffects":true,"showParticleSystems":true,"showVisualEffectGraphs":true,"m_FxEnabled":true},"in2DMode":false,"pivot":{"x":0.03171268478035927,"y":1.5394363403320313,"z":-0.10323663800954819},"rotation":{"x":-0.057600006461143497,"y":-0.9339197278022766,"z":0.17288751900196076,"w":-0.30818575620651247},"size":1.62465238571167,"orthographic":true}