{"cameraMode":{"drawMode":0,"name":"Shaded","section":"Shading Mode"},"sceneLighting":true,"audioPlay":false,"sceneViewState":{"m_AlwaysRefresh":false,"showFog":true,"showSkybox":true,"showFlares":true,"showImageEffects":true,"showParticleSystems":true,"showVisualEffectGraphs":true,"m_FxEnabled":true},"in2DMode":false,"pivot":{"x":0.6681252717971802,"y":2.6606645584106447,"z":3.680255889892578},"rotation":{"x":0.052275512367486957,"y":0.024416327476501466,"z":-0.001019674469716847,"w":0.9985458254814148},"size":2.9741923809051515,"orthographic":true}