{"cameraMode":{"drawMode":0,"name":"Shaded","section":"Shading Mode"},"sceneLighting":true,"audioPlay":false,"sceneViewState":{"m_AlwaysRefresh":false,"showFog":true,"showSkybox":true,"showFlares":true,"showImageEffects":true,"showParticleSystems":true,"showVisualEffectGraphs":true,"m_FxEnabled":true},"in2DMode":false,"pivot":{"x":-0.2539248466491699,"y":1.0938307046890259,"z":-0.3722100257873535},"rotation":{"x":0.010713226161897183,"y":0.9593833088874817,"z":0.017186274752020837,"w":-0.2847992479801178},"size":1.9705519676208497,"orthographic":true}