{"cameraMode":{"drawMode":0,"name":"Shaded","section":"Shading Mode"},"sceneLighting":true,"audioPlay":false,"sceneViewState":{"m_AlwaysRefresh":false,"showFog":true,"showSkybox":true,"showFlares":true,"showImageEffects":true,"showParticleSystems":true,"showVisualEffectGraphs":true,"m_FxEnabled":true},"in2DMode":false,"pivot":{"x":0.17839273810386659,"y":2.1619045734405519,"z":0.3717232346534729},"rotation":{"x":0.13964977860450746,"y":-0.3749351501464844,"z":0.057922255247831348,"w":0.9149686694145203},"size":3.4008736610412599,"orthographic":true}