{"cameraMode":{"drawMode":0,"name":"Shaded","section":"Shading Mode"},"sceneLighting":true,"audioPlay":false,"sceneViewState":{"m_AlwaysRefresh":false,"showFog":true,"showSkybox":true,"showFlares":true,"showImageEffects":true,"showParticleSystems":true,"showVisualEffectGraphs":true,"m_FxEnabled":true},"in2DMode":false,"pivot":{"x":-0.13540738821029664,"y":0.7650818824768066,"z":-0.5983938574790955},"rotation":{"x":0.01944059133529663,"y":-0.5676676630973816,"z":0.01621655933558941,"w":0.8235743641853333},"size":3.1624960899353029,"orthographic":true}