{"cameraMode":{"drawMode":0,"name":"Shaded","section":"Shading Mode"},"sceneLighting":true,"audioPlay":false,"sceneViewState":{"m_AlwaysRefresh":false,"showFog":true,"showSkybox":true,"showFlares":true,"showImageEffects":true,"showParticleSystems":true,"showVisualEffectGraphs":true,"m_FxEnabled":true},"in2DMode":false,"pivot":{"x":0.618324339389801,"y":2.651616096496582,"z":-1.7663912773132325},"rotation":{"x":0.34236034750938418,"y":-0.04366511479020119,"z":0.015957096591591836,"w":0.9384670257568359},"size":1.4341517686843873,"orthographic":false}