{"cameraMode":{"drawMode":0,"name":"Shaded","section":"Shading Mode"},"sceneLighting":true,"audioPlay":false,"sceneViewState":{"m_AlwaysRefresh":false,"showFog":true,"showSkybox":true,"showFlares":true,"showImageEffects":true,"showParticleSystems":true,"showVisualEffectGraphs":true,"m_FxEnabled":true},"in2DMode":false,"pivot":{"x":-0.07712127268314362,"y":0.031778108328580859,"z":0.01687413454055786},"rotation":{"x":-0.09593605250120163,"y":-0.06803248822689057,"z":0.006572839338332415,"w":-0.9930418133735657},"size":0.16651247441768647,"orthographic":false}