{"cameraMode":{"drawMode":0,"name":"Shaded","section":"Shading Mode"},"sceneLighting":false,"audioPlay":false,"sceneViewState":{"m_AlwaysRefresh":false,"showFog":true,"showSkybox":false,"showFlares":true,"showImageEffects":true,"showParticleSystems":true,"showVisualEffectGraphs":true,"m_FxEnabled":true},"in2DMode":false,"pivot":{"x":1.1920928955078126e-7,"y":0.015651583671569825,"z":0.3498353660106659},"rotation":{"x":-0.06919620931148529,"y":0.5165503025054932,"z":-0.041938070207834247,"w":-0.8524433970451355},"size":1.1633638143539429,"orthographic":false}