{"cameraMode":{"drawMode":0,"name":"Shaded","section":"Shading Mode"},"sceneLighting":false,"audioPlay":false,"sceneViewState":{"m_AlwaysRefresh":false,"showFog":true,"showSkybox":false,"showFlares":true,"showImageEffects":true,"showParticleSystems":true,"showVisualEffectGraphs":true,"m_FxEnabled":true},"in2DMode":false,"pivot":{"x":0.04338040575385094,"y":-0.08852783590555191,"z":-0.02972065657377243},"rotation":{"x":0.9119353890419006,"y":-0.07814257591962815,"z":0.2058633416891098,"w":0.34638160467147829},"size":0.1594521850347519,"orthographic":false}