{"cameraMode":{"drawMode":0,"name":"Shaded","section":"Shading Mode"},"sceneLighting":false,"audioPlay":false,"sceneViewState":{"m_AlwaysRefresh":false,"showFog":false,"showSkybox":false,"showFlares":false,"showImageEffects":false,"showParticleSystems":false,"showVisualEffectGraphs":true,"m_FxEnabled":true},"in2DMode":false,"pivot":{"x":0.050645530223846439,"y":0.9236570596694946,"z":0.07112962007522583},"rotation":{"x":-0.057600006461143497,"y":-0.9339197278022766,"z":0.17288751900196076,"w":-0.30818575620651247},"size":1.4702134132385255,"orthographic":true}