{"cameraMode":{"drawMode":0,"name":"Shaded","section":"Shading Mode"},"sceneLighting":false,"audioPlay":false,"sceneViewState":{"m_AlwaysRefresh":false,"showFog":true,"showSkybox":false,"showFlares":true,"showImageEffects":true,"showParticleSystems":true,"showVisualEffectGraphs":true,"m_FxEnabled":true},"in2DMode":false,"pivot":{"x":-0.016699276864528657,"y":-0.03636413440108299,"z":-0.018634896725416185},"rotation":{"x":-0.1277046799659729,"y":0.02114599384367466,"z":-0.002663340652361512,"w":-0.9920603632926941},"size":0.09048299491405487,"orthographic":true}