{"cameraMode":{"drawMode":0,"name":"Shaded","section":"Shading Mode"},"sceneLighting":false,"audioPlay":false,"sceneViewState":{"m_AlwaysRefresh":false,"showFog":true,"showSkybox":false,"showFlares":true,"showImageEffects":true,"showParticleSystems":true,"showVisualEffectGraphs":true,"m_FxEnabled":true},"in2DMode":false,"pivot":{"x":0.08699999749660492,"y":0.7789925336837769,"z":0.3067641854286194},"rotation":{"x":-0.3433607816696167,"y":-0.0756770670413971,"z":0.027873072773218156,"w":-0.9362419843673706},"size":0.2577517628669739,"orthographic":true}