{"cameraMode":{"drawMode":0,"name":"Shaded","section":"Shading Mode"},"sceneLighting":false,"audioPlay":false,"sceneViewState":{"m_AlwaysRefresh":false,"showFog":false,"showSkybox":false,"showFlares":false,"showImageEffects":false,"showParticleSystems":false,"showVisualEffectGraphs":true,"m_FxEnabled":true},"in2DMode":false,"pivot":{"x":-0.15763640403747559,"y":0.35279327630996706,"z":0.08998525142669678},"rotation":{"x":0.016269132494926454,"y":-0.9717875719070435,"z":0.0703917145729065,"w":0.22457459568977357},"size":1.3227509260177613,"orthographic":false}